STORE_ID,PRICE,QUANTITY,REVENUE,AVERAGE_LENGTH_OF_RESIDENCE,PERCENTAGE_OF_RENTERS,PERCENT_HAVING_CHILDREN,AVERAGE_INCOME,AVERAGE_AGE_IN_YEARS,PERCENT_SPEAKING_SPANISH,LN_PRICE,LN_REVENUE,LN_QUANTITY,LN_INCOME,LN_AVERAGE_AGE_IN_YEARS,LN_AVERAGE_LENGTH_OF_RESIDENCE,LN_PERCENT_SPEAKING_SPANISH,LN_PERCENT_HAVING_CHILDREN,LN_PERCENTAGE_OF RENTERS,chachacha
177473,7.5,95104,713280.0,6.957723613999999,0.0400975908,0.41567791782,39039.6646048768,49.708994586463994,0.32344017999999997,2.0149030205422647,13.47762932917964,11.462726308637377,10.57233344942652,3.9061858943229626,1.9398523538942436,-1.128741097132339,-0.8778445546059813,-3.216439026274976,1
177467,7.49,94961,711257.89,7.2091415035,0.05194147679999999,0.42011016696000003,42950.2392342528,49.504369819199994,0.43327269999999996,2.0135687975291283,13.47479035750702,11.461221559977892,10.667797497460981,3.902060944854025,1.9753498739577795,-0.8363879570676888,-0.8672382998142387,-2.9576376403446543,1
177472,7.5,94564,709230.0,7.348958154,0.0533064672,0.34273055916,34162.148429504,52.83824914908799,0.12907678,2.0149030205422647,13.471935153471954,11.457032132929688,10.438873539060179,3.967235344152235,1.9945585554224807,-2.047347857879592,-1.070810682323418,-2.9316976193360382,1
177484,7.51,94168,707201.68,6.742885575499999,0.0581507862,0.36352463895000003,50627.9839118592,51.380221526199996,0.19445258,2.0162354657760435,13.46907116586836,11.452835700092317,10.832259744140684,3.9392533031983286,1.9084879602328144,-1.637566950276065,-1.0119082017747458,-2.844715879902498,1
177483,7.51,93898,705173.98,6.854882992499999,0.038819409000000006,0.40235863964999996,46708.183926809594,49.72177980408,0.28213807999999996,2.0162354657760435,13.46619983149104,11.449964365714996,10.751674672988862,3.906443062544066,1.924961243940812,-1.2653586824911398,-0.9104114496492426,-3.2488349254684437,1
178266,7.48,94004,703149.92,6.163979238,0.0789189954,0.35530452011999997,45475.780972928,49.69449608119199,0.24399746,2.012232791986386,13.463325405524655,11.451092613538268,10.72493517691512,3.905894184136984,1.8187225491848378,-1.4105974635791836,-1.0347800540546552,-2.539333327254915,1
178362,7.52,93234,701119.68,7.085614605499998,0.046831743,0.46219850919,34489.5904969728,50.27684354684799,0.45568138,2.017566137961748,13.460433878976538,11.442867741014789,10.448412832765962,3.9175446042424666,1.9580666168044387,-0.7859614417621552,-0.7717608066122251,-3.061194036748382,1
178375,7.49,93337,699094.13,6.9843253889999986,0.0447074268,0.36702771996,36803.2647348736,51.909861738463995,0.16537108,2.0135687975291283,13.457540675955027,11.443971878425899,10.513341835843589,3.949508786350019,1.9436684080877298,-1.799563360531658,-1.002317902553748,-3.1076156435125997,1
177317,7.46,93441,697069.86,6.443743137499999,0.0832534386,0.33790987989,56427.8968558208,51.03529282988,0.2351951,2.0095554142156695,13.45464091427525,11.445085500059582,10.940718940302682,3.9325174096636304,1.8631096037971149,-1.4473398965080155,-1.0849760465949403,-2.485865846470087,1
178361,7.47,93044,695038.68,6.7422054115,0.0556143786,0.38416821333,31804.7337902208,50.84840838571999,0.23772545999999997,2.010894999144726,13.451722777674524,11.440827778529798,10.367370419017218,3.92884882182221,1.9083870837906411,-1.4366388005495625,-0.9566747667658556,-2.889313503245194,1
178372,7.53,92034,693016.02,5.9151522825,0.08074496939999999,0.33394717158,63852.438113664,52.59703879576,0.0754502,2.018895041811802,13.448808394787966,11.429913352976165,11.0643300457538,3.9626598215003925,1.7775172422384256,-2.5842824430096982,-1.0967724674376156,-2.516459617272013,1
177499,7.5,92131,690982.5,6.027547630499999,0.09321846720000002,0.2960720796,73273.6835134336,50.40434873944799,0.0670614,2.0149030205422647,13.445869776814057,11.430966756271793,11.201956799036715,3.9200774558678853,1.7963402332402247,-2.70214666133525,-1.2171523421401886,-2.372809430996155,1
177468,7.51,91739,688959.89,7.102070016499999,0.0768894702,0.43795452096000004,31625.6141069824,50.045639838888,0.35540386,2.0162354657760435,13.442938333497183,11.426702867721142,10.361722644243892,3.9129353858602673,1.9603862931740734,-1.034500502318878,-0.8256402074214116,-2.5653863403246424,1
178366,7.54,91105,686931.7,7.085833730499999,0.039966879000000004,0.42553917648,47493.3437518976,50.193234928984,0.29444884,2.020222182019865,13.439990148503844,11.41976796648398,10.768344848664393,3.9158802552455825,1.9580975416605046,-1.2226500091476278,-0.8543982635736684,-3.2197041928702568,1
177487,7.53,90957,684906.21,5.6940849584999995,0.157108599,0.27351699638999993,70650.4115519872,50.25528099704799,0.12173853999999999,2.018895041811802,13.437037188161975,11.418142146350172,11.165499213318455,3.9171156358857653,1.7394279094505394,-2.105879648759753,-1.2963915150290233,-1.8508179993814664,1
177406,7.47,91416,682877.52,6.572548318499999,0.0559596174,0.3908697596099999,62442.757718182394,50.914638084136,0.1282428,2.010894999144726,13.434070795971275,11.42317579682655,11.042005539544258,3.930150467361814,1.8829016292114604,-2.053829936858064,-0.9393808701120405,-2.8831249662346767,1
177476,7.53,90418,680847.54,6.748218201499999,0.095215065,0.33672926858999996,72714.926697216,50.376002435736005,0.32392724,2.018895041811802,13.431093683415549,11.412198641603746,11.19430196152791,3.9195149195375603,1.9092784998900383,-1.127236356310189,-1.0884760287938828,-2.351617103906044,1
177307,7.51,90389,678821.39,6.242990453999999,0.0502282542,0.4037194969499999,46295.58446229759,50.62005354797599,0.26223134000000003,2.0162354657760435,13.428113323336598,11.411877857560555,10.742801867541576,3.924347812958694,1.8314593070058767,-1.3385281877167636,-0.907034956649112,-2.991177577946031,1
178368,7.44,90967,676794.48,6.334614504999999,0.05918051580000001,0.3312651111,53310.254445875195,51.78926467310399,0.07232302,2.0068708488450007,13.42512293121252,11.418252082367522,10.88388398275374,3.947182882094108,1.8460289603035722,-2.626612804920535,-1.104836284307099,-2.8271629162656966,1
177318,7.48,90210,674770.8,6.349099544,0.0828174,0.32460772508999997,66935.2099195008,50.721762090088,0.15724491999999998,2.012232791986386,13.42212835663707,11.409895564650684,11.111480414384511,3.9263550510493146,1.848312998754961,-1.8499506891698358,-1.125137825386312,-2.4911170947407393,1
177464,7.57,88870,672745.9,7.071863197,0.0475661238,0.37192500377999993,55607.893374208,50.222379745511994,0.31274544000000004,2.0241930674493576,13.419122974181878,11.394929906732521,10.926080437324304,3.9164607390167743,1.9561239808326278,-1.1623657100771418,-0.9890630477754907,-3.0456344559866113,1
177405,7.48,89668,670716.64,6.867822761999999,0.041119338000000005,0.40928098727999995,62189.4968663808,50.008380113336,0.13398658,2.012232791986386,13.416102031680172,11.403869239693787,11.037941403799584,3.912190593651175,1.9268471363539577,-2.0100156333002284,-0.8933533483584468,-3.191276757186611,1
177480,7.53,88803,668686.59,7.3759078995000005,0.05568222899999999,0.39054711926999996,47163.8445732352,50.41332885423199,0.29292298,2.018895041811802,13.413070754005188,11.394175712193386,10.76138287323772,3.9202556015070646,1.998218999666032,-1.2278455714148255,-0.9402066530380426,-2.888094231429659,1
177299,7.55,88300,666665.0,6.534454751999999,0.049060828199999997,0.38160872013,70125.0834850688,50.856784658984,0.10740898,2.0215475632609334,13.410042949852985,11.388495386592052,11.158035833342204,3.9290135385496887,1.8770889085532074,-2.231111487739774,-0.9633594881753862,-3.0146943589245314,1
177462,7.6,87452,664635.2,5.006280508,0.1089378084,0.24112679019000002,71645.2612604288,46.632258013472,0.08033158,2.028148247292285,13.406993597689064,11.378845350396778,11.17948229374087,3.8422925336982625,1.6106932257984858,-2.5215924601239172,-1.4224323834603203,-2.2169781247248372,1
178371,7.4,89542,662610.8,6.846269626999999,0.0504268164,0.44121156618,35885.1376612608,49.83576615668,0.37720592000000003,2.0014800002101243,13.4039430681416,11.402463067931476,10.488078496035184,3.908732922168605,1.9237039239365887,-0.9749640337542649,-0.8182307766698854,-2.9872321739760554,1
178360,7.61,86804,660578.44,6.4251867559999996,0.07125888479999999,0.32291611638,32301.061494144,52.432948918352004,0.14718031999999998,2.0294631718735947,13.400871154409558,11.371407982535963,10.38285537226654,3.959535189869285,1.860225697440556,-1.9160967772775956,-1.1303626910976903,-2.6414357686602763,1
177306,7.56,87110,658551.6,6.349455403,0.0498939912,0.36313350513,58581.9276551808,50.09128755403199,0.21491007999999998,2.0228711901914416,13.39779815700438,11.374926966812938,10.978181526210768,3.9138470918511405,1.848369045919631,-1.5375355708962435,-1.0129847296055028,-2.9978547003090203,1
177294,7.42,88481,656529.02,4.434665774,0.171616611,0.24349522263,70101.716271232,47.226660679384,0.07688884,2.004179057179289,13.394722175860734,11.390543118681444,11.157702555907452,3.854958578028877,1.4894522519296522,-2.5653945365390394,-1.4126579562412815,-1.7624922959138598,1
178370,7.53,86919,654500.07,6.686702801999998,0.0406992642,0.38538126891,40672.3365293056,52.392267123767994,0.17771516,2.018895041811802,13.391626971283957,11.372731929472156,10.613303448180599,3.958759006462993,1.9001208979388142,-1.727573235136279,-0.9535221258695307,-3.2015452653210867,1
177471,7.37,88531,652473.47,6.3448932204999995,0.1079110722,0.27354673698,32383.398676812798,52.487158565495996,0.049933939999999996,1.9974177062012453,13.388525758348555,11.39110805214731,10.385401183947467,3.960568540925967,1.8476502721043333,-2.9970543471082225,-1.2962827869660383,-2.226447796598031,1
177316,7.53,86381,650448.93,6.846045242999999,0.0361173666,0.36821283741,57560.639400729604,50.89248881668,0.21793436000000002,2.018895041811802,13.385418065013363,11.36652302320156,10.960594269360898,3.92971534521507,1.9236711487627558,-1.5235613624504618,-0.9990941454731785,-3.3209814600679395,1
178267,7.49,86571,648416.79,5.6894815805,0.1335794772,0.28515007323,54702.266040358394,50.053132881272,0.13494502,2.0135687975291283,13.382288963017963,11.368720165488835,10.909660414249604,3.913085098832652,1.7386191333547247,-2.002887842755542,-1.254739664567418,-2.013058643451851,1
177296,7.51,86071,646393.21,7.081365333499999,0.0279763164,0.41395476606,65665.38677386238,49.83588512247199,0.17693704000000002,2.0162354657760435,13.37916328180217,11.362927816026126,11.092327228108704,3.9087353093226347,1.9574667328283586,-1.7319613159014589,-0.8819985718508482,-3.576396969590993,1
178389,7.4,87076,644362.4,6.6636420869999995,0.037886466,0.37819395966,62363.1953600512,52.374492552936005,0.10960320000000001,2.0014800002101243,13.376016579730951,11.374536579520827,11.04073056239859,3.958419689468607,1.8966661949888186,-2.2108887078141564,-0.9723480941703566,-3.273161328293626,1
177459,7.66,83856,642336.96,6.656183071999999,0.1172385066,0.33668240463,34113.7194853504,50.97714108899199,0.24846332000000004,2.0360119837525,13.372868304794448,11.336856321041948,10.437454913306906,3.9313773183050986,1.8955462079483494,-1.39246004997404,-1.0886152124817792,-2.143544901193962,1
178420,7.33,87355,640312.15,7.8920822555,0.0345248778,0.4719813608399999,33496.849408908805,50.969462387872,0.49083692,1.9919755158985601,13.369711070807105,11.377735554908545,10.419206665895155,3.931226676677568,2.0658600107492364,-0.7116433448506938,-0.7508157839220851,-3.3660751191572014,1
177543,7.32,87197,638282.04,5.094054970999999,0.081081228,0.29298807054,79785.6713375744,47.18988673081599,0.05558952,1.9906103279732201,13.366535533608747,11.375925205635527,11.287099210142328,3.854179605456034,1.6280741678221644,-2.8897605847005567,-1.2276233856744891,-2.5123038119777563,1
178363,7.62,83498,636254.76,6.194584865,0.0531787488,0.32292693114,69244.8048265216,51.607776949872,0.07345589999999999,2.030776369698555,13.363354328154838,11.332577958456282,11.145403400679758,3.94367237721378,1.8236755015363133,-2.6110700528353785,-1.1303292007317491,-2.9340964210860134,1
177460,7.31,86762,634230.22,4.2424011165,0.0988560372,0.20639518845,72201.2794254976,44.691384291096,0.08333332,1.9892432737616872,13.360167290534543,11.370924016772856,11.18721304529867,3.799780737876149,1.4451294100172525,-2.484906809788013,-1.577962557419709,-2.3140906568753903,1
177308,7.69,82211,632202.59,5.984776183499999,0.0170533998,0.43981285722,77180.5765601408,48.05912380890399,0.13703339999999997,2.0399207835175526,13.35696517556007,11.317044392042519,11.253903105394633,3.872431998949956,1.789218942070078,-1.9875305872468974,-0.8214059670459507,-4.071405693370969,1
177475,7.71,81735,630176.85,4.694661968999999,0.0892242738,0.2076253674,76050.893454912,48.981941457447995,0.08860768,2.0425181875752383,13.353755773260547,11.311237585685308,11.239158045874996,3.891451688497715,1.5464261119851725,-2.423536743412169,-1.5720199415138199,-2.416602148613537,1
178364,7.65,82111,628149.15,5.6050001279999995,0.0353400804,0.40059763623,57716.37268869119,49.625971785,0.06942026,2.0347056478384444,13.350532917251675,11.315827269413232,10.96329616768182,3.904514321384888,1.7236590793608757,-2.6675765232371584,-0.9147977563419665,-3.3427375370507297,1
178367,7.64,81953,626120.92,7.066496387499999,0.0360814458,0.39863295483,40809.8508364288,51.166824834288,0.27986546,2.033397603178429,13.347298794367974,11.313901191189546,10.61667877331914,3.935091369578234,1.9553647966110506,-1.273446291290005,-0.9197141981784025,-3.3219765125284937,1
178373,7.54,82771,624093.34,6.793367592999999,0.0420283338,0.39113472123000004,46355.8477467392,52.106024613143994,0.14478225999999997,2.020222182019865,13.344055219498427,11.323833037478561,10.744102728014061,3.9532805776430266,1.9159467822442726,-1.9325243203481062,-0.9387032227669644,-3.1694112738629836,1
177298,7.68,80998,622064.64,7.087433343,0.0586147632,0.38029382556,56688.157220928,51.005131396584,0.20311088,2.038619547159581,13.340799289151295,11.302179741991715,10.945320600544253,3.931926243282208,1.9583232641419195,-1.5940032421604884,-0.9668110998883747,-2.8367686823880276,1
177323,7.63,81264,620044.32,5.3145481875,0.048116909400000005,0.35106333174,70149.62115037438,47.734323764087996,0.1003373,2.0320878452963655,13.337546238337392,11.305458393041027,11.158385684951154,3.8656507148908266,1.6704480011251035,-2.299217768799133,-1.04678863948453,-3.034121616870965,1
177497,7.27,85009,618015.43,6.986129225999999,0.0373316892,0.34490522715,43578.01900264959,51.936325318391994,0.034652800000000004,1.9837562915454279,13.334268703765682,11.350512412220255,10.682308150894746,3.950018455144818,1.9439266440664056,-3.3623767485302136,-1.064485603601852,-3.2879127366106244,1
177496,7.63,80732,615985.16,5.9053372355,0.143309025,0.27995267982,74111.1388305664,51.105249221856,0.16986242,2.0320878452963655,13.330978151316375,11.29889030602001,11.213321121587105,3.9338872164320193,1.7758565581794832,-1.7727664637047984,-1.2731346907379624,-1.9427519663684174,1
177297,7.4,82968,613963.2,6.974531378,0.041824782600000006,0.37704849633,54975.0005637376,51.917077193999994,0.22819496,2.0014800002101243,13.327690270479694,11.32621027026957,10.914633825677397,3.949647776396761,1.9422651395005315,-1.4775549276876292,-0.9753814623271114,-3.174266229970935,1
177262,7.25,84405,611936.25,6.696949087,0.0489999624,0.35297664303000004,79001.1162424704,50.964600111752006,0.16900198,1.9810014688665833,13.324383389402072,11.343381920535489,11.27721726100086,3.9311312762588178,1.9016520625397497,-1.7778448481513638,-1.0413533912918007,-3.0159357482187437,1
177479,7.44,81977,609908.88,7.182062912499999,0.0580330458,0.39474504861,49237.91721246719,49.394657222552,0.34242572,2.0068708488450007,13.32106484794245,11.314193999097451,10.80441928071302,3.8998422649552418,1.9715866555121133,-1.0717005207132473,-0.9295151690282809,-2.8467426755121568,1
177488,7.42,81924,607876.08,7.607487964499999,0.048129880800000004,0.35952948636,59664.9049364736,52.251571148352,0.09969049999999999,2.004179057179289,13.31772632438557,11.31354726720628,10.996499269514523,3.956069960217751,2.029133020730557,-2.305684892411903,-1.0229590847116519,-3.033852072295991,1
177436,7.76,78074,605854.24,6.1582337805,0.048198729,0.4113312855299999,46823.201108928,49.103013484719995,0.19510035999999997,2.048982334195127,13.314394708067136,11.265412373872007,10.754134109252979,3.893920407351357,1.817790012487454,-1.6342411861471882,-0.8883563416494944,-3.0324226275678643,1
177493,7.69,78521,603826.49,4.946091253,0.14520185160000001,0.33783147288,46197.0436880128,47.677488758216,0.06837166,2.0399207835175526,13.311042167435614,11.271121383918063,10.740671085585467,3.8644593527084745,1.5985976187874993,-2.682796867696361,-1.0852081087886494,-1.9296304246066325,1
178457,7.34,81989,601799.26,5.658705036,0.091358568,0.23648635691999997,49447.096120972805,49.808191328103995,0.045449460000000004,1.9933388426264242,13.307679213532925,11.314340370906502,10.808658611787086,3.9081794550045954,1.733195073812009,-3.0911543396173498,-1.4418647601559944,-2.392963207452971,1
178269,7.37,81380,599770.6,6.655364421,0.0621589488,0.34977727653,68630.4298530816,53.520809071896,0.028171079999999998,1.9974177062012453,13.304302527756926,11.30688482155568,11.136491299223902,3.9800705328936017,1.8954232093260688,-3.5694593591706165,-1.050458679828468,-2.778060484262652,1
177491,7.3,81883,597745.9,6.465163921,0.0862218936,0.32777194362,44837.1019266944,50.029876871447996,0.31376659999999995,1.9878743481543455,13.300921026242259,11.313046678087913,10.710791243667742,3.912620364402702,1.8664283670454627,-1.159105881569208,-1.1154372062683209,-2.450831147482607,1
177325,7.26,82055,595719.3,5.2587817515,0.0379483296,0.36465478137,64870.57078731519,52.894145046207996,0.10685135999999999,1.9823798288367047,13.297524861950434,11.315145033113728,11.080149345109584,3.968292653083005,1.6598993937460582,-2.236316569174445,-1.0088041774206649,-3.271529791919499,1
177330,7.33,80995,593693.35,6.066935787499999,0.038125938000000005,0.37696738563,69736.6385342592,49.742601521447995,0.12336533999999999,1.9919755158985601,13.294118219252798,11.302142703354239,11.152481119100381,3.906861739408983,1.8028536650076616,-2.0926050821662705,-0.9755966055416071,-3.2668604410785282,1
178277,7.59,77953,591663.27,6.4964067635,0.0524932602,0.36962055867,86109.7239693568,51.964101127056,0.028290640000000002,2.0268315914075385,13.290692951361994,11.263861359954456,11.363377622126563,3.9505531172299686,1.8712492184328477,-3.5652242710896296,-0.9952783166544285,-2.9470704947684667,1
178296,7.62,77380,589635.6,5.594864282,0.0601633488,0.35040453261,60112.966186432,49.21565696588,0.06985243999999999,2.030776369698555,13.28725999795306,11.256483628254504,11.003980840788651,3.8962118038873346,1.7218490844544903,-2.6613702618921375,-1.048666984472742,-2.8106919359961684,1
177470,7.81,75238,587608.78,6.0557358704999995,0.0444250494,0.31938329478000005,94822.58706585599,50.34598159837599,0.05139315999999999,2.0554049638515948,13.283816665307736,11.22841170145614,11.459762920052016,3.9189188066127225,1.8010059006694759,-2.9682501893061,-1.1413633464475381,-3.1139517929555462,1
178270,7.33,79888,585579.04,6.359820891999999,0.0496415478,0.39619873259999994,58394.338664422394,49.10560639823199,0.1581475,1.9919755158985601,13.280356448638951,11.28838093274039,10.974974223439569,3.893973211545443,1.8500002153202642,-1.84422713713285,-0.9258393436122528,-3.002927138632235,1
178388,7.73,75492,583553.16,5.358614224999999,0.076621062,0.34486016565,85187.92811317761,52.534576347424,0.03566906,2.0451088625993306,13.27689083195736,11.23178196935803,11.35261501396613,3.9614715499114777,1.6787054015435139,-3.3334716326358946,-1.0646162610704188,-2.568883279194885,1
178359,7.75,75036,581529.0,6.6984102125,0.0385470096,0.35716646129999996,47306.0644618624,51.520181175463996,0.18119514,2.0476928433652555,13.273416120720555,11.225723277355298,10.76439377898584,3.941973598394418,1.901870216524742,-1.7081807069250057,-1.0295533277251145,-3.2558767539660964,1
178465,7.57,76552,579498.64,5.890637453999999,0.0574752756,0.34851104837999997,54797.296377203194,50.42662959028,0.09452295999999999,2.0241930674493576,13.269918594908455,11.245725527459099,10.911396135536615,3.9205194004282524,1.7733642182930005,-2.358912511030198,-1.054085346615498,-2.856400413216072,1
178309,7.58,76184,577474.72,6.3291477745,0.04804706339999999,0.37966386578999994,58141.504248780795,51.863355126352,0.05634902,2.0255131996542803,13.266419945528162,11.240906745873882,10.970635046650216,3.9486124738595603,1.8451655943118677,-2.87619042995193,-0.968468981429574,-3.035574260938147,1
178436,7.78,73965,575447.7,6.1262800964999995,0.0494429856,0.38448544629,64663.110853964805,52.230375409744,0.047550579999999995,2.0515563381903004,13.262903625516635,11.211347287326337,11.076946161071168,3.9556642300491043,1.8125877299412443,-3.0459612923784833,-0.9558493417541061,-3.00693507930649,1
178262,7.28,78766,573416.48,5.310762584,0.10107714000000001,0.30449948133,75382.409229888,47.970040962096,0.04338754,1.9851308622085946,13.259367572862484,11.27423671065389,11.230329227439167,3.870576669424302,1.669735437748542,-3.13758297587014,-1.1890858951833898,-2.2918712912826993,1
178295,7.47,76492,571395.24,5.616180762,0.0625131678,0.35408064978,71128.290752768,48.68013335444799,0.0501368,2.010894999144726,13.255836438327592,11.244941439182865,11.172240437532581,3.8852710075249415,1.7256518531713327,-2.9930000095890144,-1.038230567559075,-2.772378059630707,1
177371,7.42,76734,569366.28,5.978784429499999,0.027259896000000002,0.37383741384,85833.2819636864,51.00398770271999,0.04357374,2.004179057179289,13.252279231840664,11.248100174661374,11.360162111936315,3.9319038199170393,1.7882172746409903,-3.1333006036567688,-0.9839342984397024,-3.6023386678347475,1
177421,7.55,75144,567337.2,6.009732767999999,0.0334203132,0.40460360358,71044.0993330432,51.167279067311995,0.07369012000000001,2.0215475632609334,13.248709114935284,11.227161551674351,11.171056080576703,3.935100247029771,1.79338028299947,-2.6078865457610756,-0.9048474477631918,-3.3985913842250506,1
177494,7.65,73897,565312.05,6.625366208499999,0.054265353,0.36320199861,88828.03615778561,51.733853651711996,0.0582708,2.0347056478384444,13.245133158551534,11.210427510713089,11.394457601647987,3.946112376731049,1.8909056470992993,-2.842654168729705,-1.012796129489302,-2.9138693219915233,1
177375,7.65,73632,563284.8,6.906616651999999,0.041435640600000004,0.38589767369999994,58976.3894962304,51.90514907084,0.12034497999999999,2.0347056478384444,13.241540640673538,11.206834992835093,10.984892464765267,3.9494179966349194,1.9324798871911613,-2.1173928272972957,-0.9521830387023936,-3.183613884441042,1
177336,7.25,77415,561258.75,6.858246123,0.0413149068,0.35108676372,89120.3182153216,52.68968520879199,0.05207915999999999,1.9810014688665833,13.237937308117521,11.256935839250938,11.397742625793443,3.964419709801981,1.9254517418481971,-2.9549904102441555,-1.0467218959772366,-3.1865319046708174,1
177490,7.67,72911,559227.37,7.314511704,0.036606288599999995,0.36548571542999997,73977.28666268161,53.18224594670399,0.19505528,2.0373166153791646,13.23431141362529,11.196994798246125,11.211513388080718,3.973724617843435,1.9898602795440954,-1.634472273413801,-1.0065280828268977,-3.3075352336619948,1
177416,7.4,75298,557205.2,6.207781449,0.0368317914,0.35201503062,63703.6818452608,52.539070911096,0.07213289999999999,2.0014800002101243,13.230688853220407,11.229208853010284,11.061997639658529,3.9615571006426458,1.8258035775253916,-2.6292450280896804,-1.0440814036706856,-3.3013939100121346,1
178393,7.78,71360,555180.8,5.768951205999999,0.023076120600000003,0.43906303385999995,78332.9048430208,47.630612631144,0.07128912,2.0515563381903004,13.227049105444191,11.17549276725389,11.26872303435413,3.8634756770257463,1.7524902972739982,-2.6410115578760447,-0.8231122911118143,-3.7689569363921023,1
178396,7.13,77581,553152.53,6.1228214275,0.027930417600000004,0.39110678309999997,53032.6511771136,49.62297150377599,0.12295276,1.9643112344262046,13.223389065257171,11.259077830830966,10.878663062792771,3.904453861673671,1.8120230078536463,-2.095955062422237,-0.9387746537249417,-3.57803894747195,1
177263,7.88,69939,551119.32,6.5400406865,0.0241058502,0.41420440677,86829.2294025472,49.676091532415995,0.07970144,2.064327903869788,13.21970661641525,11.155378712545462,11.371698588231792,3.905523761672381,1.877943386627126,-2.52946762559511,-0.8813956908449946,-3.7253007210558193,1
178435,7.78,70578,549096.84,4.9105781025,0.018429366,0.4366729719,71155.41441303039,48.058059425568,0.07363916,2.0515563381903004,13.216030098378797,11.164473760188496,11.172621699189486,3.8724098513318044,1.5913916746923416,-2.608578329526425,-0.8285707120936487,-3.9938099083261887,1
178342,7.3,74941,547069.3,6.0351775629999995,0.0476559258,0.36156806861999996,49398.6420725248,52.621089713375994,0.04271036,1.9878743481543455,13.212330764421534,11.224456416267188,10.80767821438777,3.963116984507864,1.7976052763204813,-3.153313765224927,-1.0173049601708253,-3.0437482956487374,1
177486,7.61,71622,545043.42,6.380579917999999,0.0424035066,0.33708525444000004,124887.289897344,55.225718652119994,0.03750754,2.0294631718735947,13.208620740196688,11.179157568323093,11.735166928704508,4.011428762388011,1.85325898946413,-3.2832132995502983,-1.08741940008983,-3.1605242173337267,1
177510,7.71,70430,543015.3,5.317264460999999,0.11620079459999999,0.27697141098000005,75503.4375384576,48.76749840731999,0.08849889999999999,2.0425181875752383,13.204892775314693,11.162374587739457,11.23193346451134,3.8870640747283147,1.67095897204773,-2.4247651564240296,-1.2838409875797447,-2.1524355963777237,1
177319,7.34,73704,540987.36,4.5067394924999995,0.06912259500000001,0.29584947579,97766.87279539199,46.754927066376,0.03946264,1.9933388426264242,13.201151193415193,11.207812350788767,11.49034107466949,3.84491964197551,1.505573941394546,-3.2324008774324797,-1.2179044817386444,-2.671873611788295,1
178390,7.83,68833,538962.39,6.375118446499999,0.0266851632,0.39759023172,56033.9997257216,50.636315811239996,0.1218189,2.057962510002712,13.19740107009109,11.139438560088378,10.933713923442916,3.924669022646672,1.8524026707150238,-2.105219763330541,-0.9223333726101709,-3.6236475534195396,1
177492,7.36,72953,536934.08,5.4036540539999995,0.0781806234,0.36344442948,50948.007983142394,48.118565247128,0.20541388,1.9960599327407849,13.19363060990372,11.197570677162934,10.838560940401607,3.8736680745174956,1.6870754013944687,-1.5827284083082858,-1.0121288699539264,-2.5487334447427497,1
177509,7.3,73275,534907.5,6.2233892845,0.0394410384,0.38158258446000004,45080.161789286394,49.639696111367996,0.21064708,1.9878743481543455,13.18984911373344,11.201974765579093,10.716197557084415,3.904790838467708,1.828314659391438,-1.5575711525093474,-0.9634279786570074,-3.232948420993888,1
177466,7.44,71624,532882.56,6.326292137499999,0.12094533359999998,0.26194520319,31983.025565081596,52.982350970927996,0.06817762000000001,2.0068708488450007,13.186056341158993,11.179185492313993,10.372960589951711,3.969958857546599,1.8447143042629524,-2.6856389204792004,-1.3396199452253315,-2.11241662390229,1
177360,7.45,71255,530849.75,5.9553205245,0.020116645800000003,0.41367177984,82368.8668427392,48.863394749487995,0.07098531999999999,2.0082140323914683,13.182234303498781,11.174020271107313,11.318962814923577,3.8890285425295814,1.78428502579203,-2.6452821838821143,-0.882682421909622,-3.906207657389763,1
178284,7.71,68590,528828.9,6.1994143799999994,0.0184323594,0.43918830483,83503.64061793279,50.581250872152005,0.029500939999999996,2.0425181875752383,13.178420218068606,11.135902030493368,11.33264551010325,3.9235809715044696,1.824454832751197,-3.523333151737243,-0.8228270174883515,-3.9936474959608366,1
178268,7.41,71093,526799.13,6.8364975285,0.0376879038,0.35304333405,83915.794876544,53.074643190352,0.052774959999999996,2.0028304393079956,13.174574597369261,11.171744158061266,11.337569133098585,3.9716992848225297,1.9222755432515386,-2.941718443182668,-1.0411644702347107,-3.278416090124271,1
177485,7.17,73190,524772.3,7.239170393499999,0.0270882744,0.36875447664,112510.02082150399,53.442492629263995,0.12556641999999998,1.969905654611529,13.170719733206802,11.200814078595274,11.630797570628685,3.978606171652292,1.9795066132989374,-2.0749204173821076,-0.9976242313611192,-3.6086543236958253,1
178391,7.92,66003,522743.76,6.032644478,0.0426040644,0.39164121249,56866.063533055996,50.985959878952,0.06945162,2.0693912058263346,13.166846680347325,11.097455474520991,10.948454019214353,3.9315502983321533,1.7971854681680912,-2.667124883919925,-0.9374091325711231,-3.155805621807205,1
178500,7.74,67276,520716.24,3.4375935575,0.008537176799999999,0.47276813463000006,73620.1873100032,45.549217777016,0.05456737999999999,2.046401687601636,13.16296052744896,11.116558839847324,11.206674551211265,3.818793450715834,1.234771679349594,-2.9083190106646524,-0.7491502123062082,-4.763324911317178,1
177489,7.31,70956,518688.36,6.710961692499999,0.0492923178,0.36002966901,57196.1620989696,50.925367536816,0.22655640000000002,1.9892432737616872,13.159058519370518,11.16981524560883,10.954242078944981,3.9303611793046165,1.9037422629941123,-1.4847613584335353,-1.0215688370111549,-3.009987035633366,1
177312,7.1,72770,516667.0,5.2688772785,0.023293640999999997,0.42006510546,77541.828891072,47.144866289848,0.07516404,1.9600947840472698,13.155153845388401,11.195059061341132,11.258572797367606,3.853225122766583,1.661817299724171,-2.5880823538857167,-0.8673455667179968,-3.759574874114437,1
178307,7.89,65226,514633.14,6.260581809,0.027754804800000005,0.3986050167,97975.81023296,49.859759393912,0.04512508,2.065596134857783,13.151209576289839,11.085613441432056,11.492475892826544,3.9092142524502345,1.834273121528109,-3.098317089477478,-0.9197842854823423,-3.5843463078317765,1
177337,7.45,68807,512612.15,6.792853963999999,0.0380071998,0.35283064376999995,86275.938763392,51.61612167917599,0.051309860000000006,2.0082140323914683,13.14727479532336,11.139060762931893,11.365306028966316,3.943834059332611,1.9158711719654191,-2.9698723425449463,-1.041767099863001,-3.269979668781573,1
178273,7.77,65712,510582.24,6.4553567625,0.0250108548,0.411501618,82883.36870842881,49.80086682059199,0.04929008,2.050270164379556,13.143307000575897,11.09303683619634,11.325189702280582,3.9080323899151077,1.8649102919425067,-3.0100324352188967,-0.887942326916485,-3.6884453563480064,1
178376,7.28,69857,508558.96,4.535005741,0.0710323842,0.34080012449999997,60851.6697427968,48.061357121271996,0.05750443999999999,1.9851308622085946,13.139336436618425,11.15420557440983,11.016194538348099,3.8724784679718915,1.5118263494979414,-2.8558931167686374,-1.0764591187101418,-2.6446193904369157,1
177474,7.29,69483,506531.07,6.536879150999999,0.0431309028,0.32337394121999996,80495.5479311616,52.275180450528,0.061891899999999986,1.986503546020567,13.135340943336388,11.148837397315821,11.295957156674303,3.9565216972557122,1.8774598575391013,-2.782365964073718,-1.1289459126366963,-3.1435155364756104,1
178461,7.88,64023,504501.24,6.012648007,0.05247829320000001,0.32392188905999997,65807.6613249152,51.187481621808004,0.0667429,2.064327903869788,13.131325576651868,11.066997672782081,11.094491544044903,3.935495002576506,1.7938652516777538,-2.7069073544003515,-1.1272528754031697,-2.9473556577410367,1
178319,7.72,65087,502471.64,5.413709261999999,0.013684827,0.46837103346,87277.68158896638,48.783921094152,0.052911179999999995,2.0438143640366846,13.12729447951175,11.083480115475064,11.3768500572413,3.8874007727911635,1.688934488604972,-2.939140620292481,-0.7584944906311272,-4.2914675781477705,1
177372,7.19,69603,500445.57,7.071026139499999,0.0333185376,0.39752444192999997,62067.39548256,51.9101600542,0.1726221,1.9726911717329554,13.123254120574815,11.15056294884186,11.035976097556794,3.9495145331362527,1.956005609334264,-1.7566504668145024,-0.9224988576460542,-3.401641352202492,1
177390,7.76,64230,498424.8,5.6406465064999995,0.0303221442,0.39437914923,53044.36636791039,48.044751479472,0.07809326,2.048982334195127,13.119208004446966,11.070225670251839,10.878883943641716,3.872132899054223,1.7299986877526439,-2.5498515254764,-0.9304425247150637,-3.495877001711075,1
177290,7.72,64300,496396.0,3.9032008754999996,0.0117700488,0.45638827938,89036.1165779712,47.68631746199199,0.04286226,2.0438143640366846,13.115129274262395,11.071314910225711,11.396797370644869,3.8646445110856646,1.361796953822601,-3.149763560508862,-0.7844113419111727,-4.442197211584308,1
177504,7.33,67444,494364.52,6.7305514675,0.047964246,0.34291891623000004,119183.009690368,53.404937291744,0.02853074,1.9919755158985601,13.111028418796431,11.119052902897872,11.688415487299512,3.977903200339003,1.9066570819786495,-3.556773176483569,-1.0702612555929996,-3.037299420631468,1
177410,7.42,66353,492339.26,6.074223884999999,0.019118845800000003,0.43225964859,84748.03183146239,49.47639483296,0.0771358,2.004179057179289,13.106923310687645,11.102744253508355,11.347437801745452,3.901495683773588,1.8040542255096204,-2.562187774145298,-0.8387288328864879,-3.957080739289775,1
177300,7.29,67258,490310.82,6.818903544,0.026292029999999997,0.37863015497999997,89341.5783713536,50.762546627856,0.0688401,1.986503546020567,13.102794795517385,11.116291249496818,11.400222261767663,3.927158811561238,1.9196986882558937,-2.6759688549960416,-0.9711953947257683,-3.638489427549966,1
177279,7.23,67536,488285.28,6.479814618499999,0.028596948,0.38208637202999995,88685.8458647168,50.561747692312,0.040890499999999996,1.9782390361706734,13.098655104192954,11.12041606802228,11.392855582449721,3.9231953159403963,1.8686919016987864,-3.196857516751758,-0.9621085911428218,-3.5544552801373115,1
178271,7.74,62824,486257.76,6.2588209205,0.05741939880000001,0.37446466992,64788.84905752319,51.180647397559994,0.06851278,2.046401687601636,13.094494132656346,11.04809244505471,11.078888785086853,3.9353614800764145,1.833991816013835,-2.6807349817727872,-0.9822578198075409,-2.857373074563468,1
178358,8.01,60453,484228.53,4.203748343,0.0915212094,0.24261291846,53931.296663296,50.073052441384,0.07125286,2.080690761080268,13.090312243683352,11.009621482603084,10.895466231492929,3.9134829879624657,1.4359765899003942,-2.641520320288102,-1.4162880338487003,-2.391184536840059,1
177326,7.73,62381,482205.13,4.2864540065,0.008601036000000001,0.46776270321,98117.14198348799,47.73139378083199,0.03437938,2.0451088625993306,13.08612488341173,11.041016020812398,11.493917370181062,3.865589331949761,1.4554598192295807,-3.3702983129305903,-0.7597941560780599,-4.755872617861735,1
177354,7.35,65330,480175.5,4.8768959605,0.0134593242,0.44062216176,70306.3575902208,47.568465622408,0.06456436000000002,1.9947003132247452,13.081906941059541,11.087206627834796,11.160617508848022,3.8621700547717426,1.5845089438163436,-2.7400927232239387,-0.8195675468320944,-4.308083164049795,1
177349,7.9,60525,478147.5,5.871501705999999,0.028951167,0.39772271252999997,128806.18496755198,50.47020531788,0.02147474,2.066862759472976,13.077674541279235,11.01081178180626,11.766064111433879,3.9213831684611935,1.7701104283790323,-3.84087791828639,-0.922000218693381,-3.5421447648947657,1
178292,6.93,68705,476125.65,5.459569495,0.027923433000000004,0.42544364609999996,65829.8310367744,50.514657066312,0.055288659999999996,1.9358598132018119,13.073437068967687,11.137577255765875,11.094828373798661,3.9222635331070133,1.697369939578623,-2.895187454773339,-0.8546227813379911,-3.578289050194014,1
177324,7.61,62299,474095.39,4.008961118499999,0.013860439799999999,0.43394494868999994,65640.331761728,46.0752259276,0.08346954,2.0294631718735947,13.069163825155949,11.039700653282354,11.091945599452803,3.8302754070186342,1.3885321350600832,-2.4832735040966996,-0.8348375992638147,-4.278716554122085,1
178276,7.09,66583,472073.47,6.668687221,0.0236907654,0.37762708599,59107.583762150396,52.225952946552,0.01974308,1.958685340544036,13.064889909234093,11.106204568690059,10.987114516010342,3.955579554218272,1.8974230221154615,-3.924952228779167,-0.9738481153183635,-3.7426699523422315,1
177258,6.91,68024,470045.84,5.613528473,0.0128596464,0.45895768610999993,85519.4150223616,48.407225827599994,0.04220958,1.9329696377795786,13.060585500845207,11.127615863065628,11.356498705431866,3.8796490965380297,1.725179483140406,-3.16510806948599,-0.7787972602952692,-4.353661056662664,1
177415,7.34,63762,468013.08,6.3114477335,0.0312500982,0.4044269625,54537.5794831104,50.58680981915999,0.09285304,1.9933388426264242,13.056251523227175,11.06291268060075,10.906645274833698,3.9236908668009813,1.8423650850230402,-2.376737250739321,-0.9052841212096916,-3.4657327604046637,1
178387,7.4,62971,465985.4,4.1476760084999995,0.0161124744,0.46887031488,70362.7799456896,45.83541973112,0.10346839999999999,2.0014800002101243,13.051909582144871,11.050429581934747,11.161419708384933,3.825057148808703,1.4225481794333839,-2.2684890269041866,-0.7574290628880731,-4.128161499546643,1
177331,7.32,63383,463963.56,6.8178263255,0.0257073192,0.36738010088999995,87066.59853423359,52.83188808424,0.04102868,1.9906103279732201,13.047561293641639,11.05695096566842,11.374428605184224,3.9671149494026454,1.919540700451992,-3.1934839446273284,-1.0013582696439727,-3.660979533852693,1
178365,7.19,64247,461935.93,6.4445582825,0.036593317199999996,0.34777023732,96957.88630016,53.054702901352,0.02384732,1.9726911717329554,13.043181480793283,11.070490309060329,11.482032001355954,3.9713235114861445,1.8632360975800462,-3.736083436934399,-1.0562132548466878,-3.3078896454103646,1
178464,7.55,60915,459908.25,4.881663243999999,0.027549258000000004,0.40277951406,65757.80006988799,49.233006143880004,0.07147826,2.0215475632609334,13.038782292049442,11.017234728788507,11.093733575245405,3.8965642551575006,1.5854859904846768,-2.6383619314606115,-0.9093659782692174,-3.591779676595274,1
177508,7.68,59620,457881.6,5.7319707945,0.0532964892,0.30970949196,99920.984905344,51.40565497051999,0.03499678,2.038619547159581,13.034365914391643,10.995746367232062,11.512135001689872,3.939748185291198,1.7460594147854642,-3.352499221724983,-1.1721205435866286,-2.9318848186476916,1
177327,7.66,59511,455854.26,4.1133803165,0.0146766402,0.43821677889000005,77359.8959362048,47.980681190431994,0.04847374,2.0360119837525,13.029928432148719,10.993916448396218,11.256223784937605,3.8707984546936762,1.414245151907595,-3.026733070971023,-0.8250415620700353,-4.221498151200131,1
177313,7.76,58483,453828.08,5.796178801999998,0.06397793820000001,0.31440490026,57316.070473433596,49.999017866007996,0.15542506,2.048982334195127,13.025473726892612,10.976491392697485,10.95633632539526,3.912003362555386,1.7571988731889578,-1.8615915927885283,-1.1570736324798447,-2.749216970675554,1
177393,7.97,56688,451803.36,6.8687842825,0.0257372532,0.38163575702999997,81675.43413274881,51.936522693456,0.11063906,2.075684492802124,13.021002319907376,10.945317827105253,11.31050855182397,3.9500222554654556,1.9269871302401416,-2.2014820876848638,-0.963288640889044,-3.6598157957951374,1
178379,7.61,59103,449773.83,4.8254524225,0.0127878048,0.46340255247,78063.8162809728,47.515201392808,0.08683975999999999,2.0294631718735947,13.016500135400786,10.987036963527192,11.265281928611733,3.8610496891644086,1.573904496716406,-2.4436906976792274,-0.7691591588635108,-4.359263312211334,1
177257,6.99,64055,447744.45,4.836277197499999,0.0973094472,0.23697031742999997,76090.2533580928,48.183310576912,0.0602847,1.944480556245719,13.011977924536254,11.067497368290534,11.239675458881056,3.8750127075059013,1.576145250692141,-2.8086769387875243,-1.4398203886019467,-2.329859200978269,1
177465,8.06,55300,445718.0,6.039388269000001,0.0338862858,0.30156778013999996,101086.755260672,51.44630341863199,0.0557963,2.086913556518537,13.007441744028963,10.920528187510426,11.523734390102765,3.9405386116645014,1.7983027268506742,-2.886047720037088,-1.1987604783295789,-3.384744895120189,1
177399,7.58,58535,443695.3,6.458551604999999,0.0265105482,0.33522060957000005,51160.7696197248,54.050588077584,0.01788108,2.0255131996542803,13.002893344568053,10.977380144913774,10.842728298967526,3.9899204242773507,1.8654050829034243,-4.024012108376374,-1.0929664278669222,-3.6302125799059493,1
178278,7.45,59284,441665.8,6.3845040084999995,0.048420240600000004,0.3614292792,64925.46339019519,51.777680829736006,0.044838920000000004,2.0082140323914683,12.998308766468273,10.990094734076806,11.080995173820769,3.9469591844006007,1.8538738057310977,-3.1046787667060647,-1.0176888880569321,-3.0278373584635045,1
177281,7.54,58307,439634.78,5.8120565995,0.017818712400000002,0.43996696755000003,113305.204633216,48.935745778656,0.0234955,2.020222182019865,12.993699615761425,10.973477433741559,11.637840382706104,3.890508126950801,1.7599344840467164,-3.7509463655301545,-0.8210556286380052,-4.027506115442312,1
177402,7.42,58977,437609.34,5.872497409999999,0.0263279508,0.36302535753000004,67481.6641811584,49.70123387104799,0.06198108000000001,2.004179057179289,12.989081873555005,10.984902816375715,11.1196111981987,3.9060297591736486,1.7702799965120934,-2.780926101798549,-1.0132825917025194,-3.6371241360757525,1
177280,7.55,57693,435582.15,4.9462639235,0.037933362600000006,0.39158353376999994,103261.46121958399,47.71843191704,0.02384144,2.0215475632609334,12.984438691239891,10.962891127978956,11.545019509210759,3.865317736611018,1.598632528674364,-3.7363300359245932,-0.9375564178053545,-3.2719242744293155,1
177398,7.54,57501,433557.54,6.7590166815,0.0232876542,0.36709891713,65808.756500928,51.505005826936,0.08503068,2.020222182019865,12.979779799958427,10.959557617938563,11.094508185981082,3.941679003469055,1.9108774181577814,-2.464743146438946,-1.0021239382793952,-3.759831921498253,1
178338,7.54,57232,431529.28,6.2590032325,0.0236987478,0.37722513741,54608.086769971196,51.20888915557599,0.028197540000000004,2.020222182019865,12.975090643518664,10.9548684614988,10.907937260106022,3.9359131332957364,1.8340209443987339,-3.5685205388857324,-0.9749130883171294,-3.742333067679931,1
178274,7.54,56963,429501.02,6.491551829999999,0.0165515064,0.44566003746000005,76408.3609321728,47.242811186904,0.108682,2.020222182019865,12.970379395258108,10.950157213238244,11.243847405451882,3.855300498172142,1.8705016130734413,-2.2193290919433353,-0.8081988654682091,-4.1012781601532025,1
177291,7.05,60635,427476.75,4.261294074,0.010511823,0.44842050494999997,90564.4875603968,46.313057472184,0.035640639999999994,1.9530276168241774,12.96565517991507,11.012627563090891,11.41381744565889,3.8354239401700188,1.449572887390967,-3.334268719189469,-0.8020238596815958,-4.555254655281185,1
177382,7.78,54685,425449.3,4.7091417490000005,0.0117820224,0.4713829441199999,100280.858567936,47.22232653928,0.052482919999999995,2.0515563381903004,12.960901065959627,10.909344727769327,11.51573011394216,3.8548668006528635,1.5495056725284804,-2.9472674956502622,-0.7520844704668687,-4.441180434679221,1
178374,6.84,61904,423423.36,6.496367320999999,0.0317719476,0.42548600391,64260.2377456256,50.392153844511995,0.05397546,1.922787731634459,12.956127808574752,11.033340076940295,11.07069633240819,3.9198354852700397,1.871243146981171,-2.9192257801534782,-0.8545232247881999,-3.449171529463524,1
178404,7.47,56412,421397.64,6.823148433499999,0.022359700200000002,0.44082854343,63847.80747077119,48.911838160744,0.06646163999999999,2.010894999144726,12.951332179956857,10.94043718081213,11.06425752212045,3.890019456358739,1.9203210124698755,-2.7111303398630078,-0.8190992695420404,-3.800495038656323,1
178314,8.15,51456,419366.4,6.139603773,0.022450499999999998,0.42675854066999996,61092.02111120639,50.452030589383995,0.04208218,2.0980179272527715,12.94650027979141,10.848482352538639,11.020136549254449,3.9210229955314304,1.814760207992076,-3.1681309058109215,-0.8515369042213828,-3.796442393326963,1
178438,8.21,50833,417338.93,6.5564382485,0.021527535,0.4417964644499999,86551.4944368256,50.91832331991999,0.02813972,2.105352923464337,12.941653952427282,10.836301028962945,11.368494827200816,3.9302228454157326,1.8804475055815326,-3.5705731775941545,-0.8169059906311292,-3.8384224655678456,1
178466,8.01,51849,415310.49,5.0189678455,0.0099590418,0.4393252917899999,74037.9211126656,48.366839644984005,0.05304348,2.080690761080268,12.936781688148871,10.856090927068603,11.212332688398396,3.8788144476108957,1.6132243040971839,-2.9366433243971,-0.8225151567234477,-4.609274416832887,1
177663,7.09,58292,413290.28,5.6187708195,0.0257362554,0.36724852130999996,54868.67462307839,50.092082461824,0.07928787999999999,1.958685340544036,12.931905482197623,10.973220141653588,10.912697874905781,3.913862960907889,1.7261129245924414,-2.534669999348757,-1.0017164903215525,-3.659854565252564,1
178321,6.86,59950,411257.0,5.6570589689999995,0.014601805200000002,0.44887742856,88144.1090396288,49.50354607121599,0.03804262,1.925707441737794,12.926973602193454,11.00126616045566,11.386728356774139,3.902044304811123,1.7329041403830538,-3.269048168808153,-0.8010054161247113,-4.226610114075498,1
177275,8.03,50963,409232.89,6.239537920499999,0.0165844338,0.42189550358999994,130903.072853632,49.151581269303996,0.033955040000000006,2.0831845279586703,12.92203968617369,10.838855158215019,11.782212426440124,3.8949090183911004,1.8309061284374875,-3.3827179823873306,-0.862997617434116,-4.099290746448364,1
177343,6.75,60327,407207.25,5.282693548,0.0190549866,0.42881514753,88501.5657659264,50.614648715743996,0.028529759999999998,1.9095425048844386,12.917077548578616,11.007535043694178,11.39077552310987,3.924241034707437,1.6644361093068136,-3.556807525989798,-0.8467293444530167,-3.96042644788406,1
178257,8.0,50647,405176.0,6.039153367,0.0132577686,0.46294202393999995,85918.98992419838,48.36856645148,0.06246813999999999,2.0794415416798357,12.912076819592627,10.832635277912791,11.361160153670312,3.8788501492545,1.7982638310953571,-2.7730986122115815,-0.7701534510085036,-4.323171588928166,1
178258,7.19,56071,403150.49,4.521446286,0.0087467148,0.48026186208000005,78842.92641088,45.89339302332,0.09241988,1.9726911717329554,12.90706519554093,10.934374023807974,11.275212878929892,3.8263211638586747,1.5088319174418887,-2.381413171961115,-0.7334237778363196,-4.73907710054072,1
177437,7.85,51099,401127.15,6.029988683,0.0111394392,0.47373605565,85959.66057470719,48.081529934319995,0.0949914,2.060513531794317,12.902033738323004,10.841520206528687,11.361633402106342,3.8728981103180256,1.79674513395458,-2.35396891779514,-0.7471049570028581,-4.497263386863262,1
177344,8.24,48434,399096.16,7.1276883585,0.0150857382,0.41401695092999996,96372.113380096,50.16878835998399,0.05508776,2.1090003439213802,12.896957669341827,10.787957325420447,11.475972158459562,3.915393087516548,1.9639869684635702,-2.898827729061158,-0.8818483617196544,-4.194005471539273,1
177505,7.45,53298,397070.1,5.9219232449999994,0.021671218199999998,0.40730729358,70921.5120038144,47.810045490696,0.14065841999999998,2.0082140323914683,12.891868118389224,10.883654085997756,11.169329079811618,3.8672357741267036,1.7786612686024972,-1.9614208809251994,-0.8981873573434903,-3.8317702490471532,1
177288,6.85,57671,395046.35,5.297987596499999,0.011458735200000002,0.44452178397000003,98145.84050547199,49.87337556956,0.06153322,1.9242486522741338,12.886758378771404,10.96250972649727,11.494209819850628,3.9094873046457277,1.6673270496806594,-2.7881780874033426,-0.8107562174224968,-4.46900294027852,1
177445,7.15,54967,393014.05,5.0397259949999995,0.0154818648,0.43663151532,60931.13589431039,48.660967244352,0.07177225999999999,1.9671123567059163,12.881600640848491,10.914488284142575,11.017499585680133,3.8848772147647246,1.6173517145339602,-2.6342572285556556,-0.8286656539624649,-4.168085952959617,1
177345,7.17,54531,390987.27,6.08718732,0.0107093874,0.43883051651999994,88355.475820608,48.086436371984,0.06211044,1.969905654611529,12.876430280892738,10.90652462628121,11.389123454555119,3.873000149237152,1.8061861228184717,-2.7788411882305764,-0.823642007602695,-4.53663459503795,1
178272,7.61,51112,388962.32,7.209734894,0.0157163478,0.41966766302999997,96322.97614489599,51.922183710496,0.02618952,2.0294631718735947,12.871237754155773,10.841774582282179,11.475462158579584,3.949746130650357,1.9754321814114224,-3.6423959482364254,-0.8682921594307991,-4.1530538472177385,1
177457,6.91,55997,386939.27,3.685955968,0.0677486244,0.16388146566,83732.5534667648,45.209903905576,0.02957346,1.9329696377795786,12.866023034633294,10.933053396853715,11.335383111171602,3.811316175791669,1.3045299134356403,-3.5208779414793456,-1.8086118828482192,-2.6919511234874975,1
178518,6.76,56939,384907.64,5.0353505069999995,0.013687820400000002,0.43417115742,90988.7776541056,49.420339413528,0.029523479999999998,1.9110228900548727,12.860758688386351,10.94973579833148,11.418491455411788,3.9003620684755282,1.6164831378488673,-3.5225694000190333,-0.8343164506904206,-4.291248863460208,1
178463,7.33,52235,382882.55,4.512037058499999,0.0313199442,0.34428067475999996,62339.79980446719,52.81131240975999,0.049305760000000004,1.9919755158985601,12.855483563170168,10.863508047271608,11.040355341966592,3.966725417948771,1.506748727482064,-3.0097143690584542,-1.066298039286437,-3.463500189470317,1
177502,8.19,46502,380851.38,5.398579118999999,0.179379495,0.25990571970000004,43411.038700736,50.43744916855999,0.20064912000000001,2.102913897864978,12.850164499268178,10.7472506014032,10.678469035690767,3.9207339382192012,1.6861357928353684,-1.606197568025153,-1.3474363302663457,-1.7182516335487794,1
177295,8.21,46142,378825.82,2.9137550855,0.07529099460000001,0.22164400004999998,82801.84406091519,44.433022134831994,0.040335819999999994,2.105352923464337,12.84483180058989,10.739478877125554,11.324205611392442,3.7939829347748177,1.0694426567116522,-3.210515371061405,-1.5066827876363678,-2.586394744953675,1
178382,8.28,45507,376797.96,6.2783370695,0.0211842918,0.39387446043,76518.2018576768,52.009335165696,0.02689316,2.1138429683971682,12.839464407656951,10.725621439259783,11.2452839242932,3.951423224886437,1.8371051475646478,-3.615883299800673,-0.9317230488072552,-3.8544953247755798,1
177461,7.87,47621,374777.27,6.2047864485,0.0388712946,0.37846342743,146125.836693248,51.247130348911995,0.01553006,2.063058062429312,12.834087181829686,10.771029119400374,11.892223424631359,3.9366596232588793,1.82532100202887,-4.164977778338986,-0.9716358357929467,-3.247499228781201,1
178411,6.88,54178,372744.64,3.8029695945,0.17981254019999998,0.2349146118,60483.9417764352,46.584289564128,0.05834234,1.9286186519452522,12.828648852912599,10.900030200967345,11.010133183604545,3.8412633504722233,1.335782233778742,-2.8414272056451857,-1.4485331849096066,-1.7158404141041808,1
178343,7.35,50438,370719.3,6.3452631035,0.011529579,0.40818689406,81125.6862962048,52.241025551896,0.02152374,1.9947003132247452,12.823200451446898,10.828500138222152,11.30375491370811,3.9558681163201963,1.8477085665793045,-3.838598766967041,-0.8960301357852228,-4.462839458810993,1
178522,7.63,48321,368689.23,5.7401485395,0.026590372200000004,0.38188539773999997,57963.13321246719,50.28137145699199,0.03926664,2.0320878452963655,12.817709373055154,10.785621527758789,10.967562453159642,3.917634659742097,1.7474850879583188,-3.2373799755501387,-0.9626347213025698,-3.6272060760816633,1
178483,7.69,47681,366666.89,4.163370617499999,0.0139422594,0.43203343986,64087.5706800896,47.180767822608,0.0349566,2.0399207835175526,12.812209058191213,10.77228827467366,11.06800571895992,3.853986348171139,1.426324990793569,-3.3536479869288565,-0.8392522866504671,-4.272830806439027,1
178504,8.21,44414,364638.94,5.6100741865,0.010854068400000002,0.49166512526999995,113320.969156992,50.097972169784,0.022337140000000002,2.105352923464337,12.806662937498542,10.701310014034204,11.637979506299269,3.913980531618644,1.7245639434222135,-3.8015045150226556,-0.7099574339253087,-4.523215301536568,1
177482,7.5,48348,362610.0,4.23388066,0.1848604104,0.18105079839000002,57174.240566873596,44.096441772839995,0.1378125,2.0149030205422647,12.801083155521612,10.786180134979347,10.953858736194523,3.786379093774427,1.4431189862030143,-1.9818612133409719,-1.7089776330039048,-1.6881542770895472,1
177500,7.62,47321,360586.02,6.744025025499999,0.0315574206,0.33205999595999997,107738.76973952001,53.121473353367996,0.061213739999999996,2.030776369698555,12.795485820281026,10.76470945058247,11.587464777378909,3.9725812411044674,1.9086569314726218,-2.79338360485849,-1.1024396156689729,-3.4559465163825682,1
177698,7.12,50359,358556.08,6.1485431964999995,0.034977879,0.36951871968,51476.7477732608,52.07044663128799,0.052757319999999996,1.9629077254238845,12.789840356355626,10.826932630931742,10.848885485146882,3.9525975446545947,1.816215175140369,-2.942052748480806,-0.9955538776850146,-3.353039445878406,1
177266,7.11,50145,356530.95,5.086727431,0.026012646,0.40384657038000005,83934.3763491712,47.686266991656,0.039768399999999995,1.9615022438151495,12.784176331337457,10.822674087522309,11.33779053856475,3.8646434527031897,1.6266346829228795,-3.224682651901988,-0.9067202494413933,-3.6491724745919267,1
177333,7.9,44874,354504.6,6.163921388999999,0.0093214476,0.44894321835,107307.04483545599,50.164822833584,0.027533099999999998,2.066862759472976,12.778476600892699,10.711613841419723,11.583449581966413,3.915314040697543,1.8187131641318994,-3.592366361735495,-0.8008588617090957,-4.675437340457421,1
177381,7.15,49297,352473.55,7.0078515255,0.0309657252,0.41254614357,55443.760645951996,50.85924508786399,0.17192238,1.9671123567059163,12.772730862958166,10.80561850625225,10.923124464282441,3.929061916939734,1.9470311669798601,-1.760712183095496,-0.8854072162636225,-3.474874324876045,1
177284,6.65,52699,350448.35,6.055163516,0.007650132600000001,0.47787360258,110107.639029504,48.740691448856,0.02413936,1.8946168546677629,12.766968613685114,10.872351759017352,11.609213702951536,3.8865142345727564,1.8009113817601596,-3.7239115756774575,-0.7384090112073456,-4.87303229796058,1
177397,8.27,42131,348423.37,6.574792158499999,0.0279753186,0.35796495108,43587.2118528,50.720700410519996,0.1770713,2.1126345090356,12.761173599782033,10.648539090746434,10.68251908018603,3.9263341193893004,1.8832429666896693,-1.7312028026617023,-1.0273201993853247,-3.576432636109053,1
177428,7.89,43903,346394.67,6.454646797499999,0.030992665800000003,0.38646364614,41803.445236582396,50.535769889368,0.23083704,2.065596134857783,12.75533406871601,10.689737933858227,10.640734037044156,3.9226814001858425,1.8648003051408117,-1.4660432719559449,-0.950717474524683,-3.4740046895849073,1
177321,7.4,46536,344366.4,5.8188389565,0.025671398399999996,0.39702155559,68162.90466261761,49.78646745348001,0.04268586,2.0014800002101243,12.74946148580072,10.747981485590598,11.129655775950495,3.9077432092212514,1.7611007498318592,-3.1538875611299964,-0.9237647035724582,-3.6623778095407813,1
177665,7.83,43722,342343.26,4.650181347,0.017090318400000002,0.41657013551999994,58940.520343782395,47.85299304286399,0.059554600000000006,2.057962510002712,12.74356919690105,10.685606686898337,10.984284084616856,3.8681336664728336,1.5369062181936486,-2.8208617401523925,-0.8757004389466411,-4.069243151249955,1
177269,7.85,43352,340313.2,4.345707159500001,0.010160597399999999,0.47200208913,107898.547485568,47.848255140072,0.023595460000000002,2.060513531794317,12.737621649040268,10.67710811724595,11.588946689483402,3.8680346520318345,1.4691884979487166,-3.7467009583379647,-0.7507718672834955,-4.5892380393478085,1
177304,7.65,44221,338290.65,5.5094362095,0.009166788600000001,0.44879992277999997,84313.4844580352,47.916965094999995,0.04378346,2.0347056478384444,12.731660716195904,10.69695506835746,11.342297089181843,3.869469619059521,1.7064622966047753,-3.128499158489004,-0.8011780968324889,-4.692168261248008,1
178316,7.34,45812,336260.08,6.1988332605,0.033610893,0.40937111027999995,68406.6278194048,51.065131613527996,0.040346599999999996,1.9933388426264242,12.72564018714403,10.732301344517607,11.133224996860854,3.9331019083992658,1.824361090551932,-3.210248150517843,-0.8931331742438682,-3.3929050681247137,1
178503,6.83,48936,334232.88,4.59140501,0.015087733800000001,0.43931808195,61994.662662105606,47.655294427959994,0.045626839999999995,1.9213246735826988,12.7195932745051,10.7982686009224,11.034803574226537,3.8639937346930298,1.5241860796291877,-3.0872591391255413,-0.8225315680234484,-4.193873196406805,1
177338,8.34,39833,332207.22,6.440409807999999,0.0128995584,0.42342939705000004,131716.266914688,50.268255478424,0.0218197,2.1210632163706555,12.713514209820397,10.592450993449742,11.788405395021938,3.9173737740671895,1.8625921728742638,-3.8249420475259908,-0.8593684917751956,-4.350562200758597,1
177481,6.77,48771,330179.67,6.590289554999999,0.0238005234,0.41576263344,154662.98887296,55.7036817466,0.010245899999999999,1.9125010869241836,12.707392239826516,10.794891152902334,11.949003763418942,4.0200462443286495,1.8855972860923935,-4.580877653419059,-0.877640774263142,-3.738047706949881,1
178417,6.66,49272,328151.52,4.4902718104999995,0.055433776799999994,0.32463656445,43200.849847308804,49.74260062019199,0.07376362,1.8961194845522977,12.701230731919177,10.80511124736688,10.67361544643011,3.90686172129059,1.5019132367815693,-2.6068896228469827,-1.1250489856060208,-2.8925661814833648,1
177310,6.69,48748,326124.12,2.9065476259999996,0.010813158600000001,0.46607830433999997,80475.5761784064,46.242775726792,0.05605012000000001,1.900613874140137,12.69503332408353,10.794419449943392,11.295709015860625,3.8339052512560707,1.0669659940563276,-2.8815089885206757,-0.7634016239084237,-4.5269914975964785,1
178514,8.19,39573,324102.87,6.074722613499999,0.025706321400000003,0.34113177714,60962.9472645888,51.86082980704,0.09283343999999999,2.102913897864978,12.688816244382007,10.58590234651703,11.018021536708044,3.9485637808895624,1.8041363278549292,-2.376948359271001,-1.0754864331227658,-3.6610183484547507,1
178308,7.75,41558,322074.5,4.0076191969999995,0.0046826754,0.47340800792999993,85376.76508584959,46.586677892527995,0.038498319999999996,2.0476928433652555,12.68253816422508,10.634845320859826,11.354829271164203,3.8413146181249203,1.3881973485402155,-3.2571406750041287,-0.7477976662658562,-5.363885665725056,1
178482,7.94,40308,320045.52,4.5644920775,0.0063050982,0.4486530222899999,100990.009878528,49.63538720643199,0.026836319999999997,2.0719132752590443,12.676218514659338,10.604305239400293,11.52277687883749,3.904704031087755,1.5183072433439808,-3.6179990850717725,-0.8015054688515323,-5.066396734746019,1
178458,7.27,43744,318018.88,5.664893125999999,0.0544569306,0.24752101703999999,38220.6999245568,51.27242590106399,0.06728876,1.9837562915454279,12.669866031069104,10.686109739523676,10.551132530670978,3.937153100866286,1.7342880286356381,-2.698762069652698,-1.3962597832453314,-2.9103451539565,1
177630,7.26,43525,315991.5,4.8291214515,0.0764594184,0.29868384414,44125.65732992,49.41491024738399,0.04317978,1.9823798288367047,12.663470593473095,10.681090764636389,10.694796691119993,3.9002522055234317,1.5746645570203643,-3.1423829488598214,-1.2083696424675678,-2.5709951573344823,1
178433,7.77,40407,313962.39,2.247042731,0.011516607600000001,0.40380781749,73685.972126336,44.650596148304,0.06180566,2.050270164379556,12.657028480646481,10.606758316266925,11.207567722562114,3.798867658819132,0.8096150099338104,-2.783760332951694,-0.9068162134839635,-4.4639651462485626,1
178352,8.3,37583,311938.9,4.335865817499999,0.0504118494,0.3705407145,46834.962232256,48.882758234647994,0.037561439999999995,2.1162555148025524,12.650562614280435,10.534307099477882,10.754385259242905,3.8894247419670456,1.4669213175099791,-3.2817772867188357,-0.9927919495952758,-2.98752902439531,1
177272,7.4,41880,309912.0,4.53317035,0.1028911404,0.27231385434,41401.22547616,48.61916248479199,0.061103000000000005,2.0014800002101243,12.644043665194598,10.642563664984474,10.631065760248738,3.8840177430051823,1.5114215512217182,-2.795194314173611,-1.3008000016396808,-2.27408373897424,1
178505,8.28,37184,307883.52,5.498046091999999,0.0155746602,0.43088977898999997,60922.765553664,49.042816793968,0.041235459999999995,2.1138429683971682,12.637476808608751,10.523633840211582,11.01736220246039,3.892693728680864,1.704392773120063,-3.1884567131873185,-0.8419029547855568,-4.162110031561061,1
177265,6.55,46696,305858.8,5.348669456,0.017039430600000002,0.41850237264,75351.372350016,50.430242725583994,0.04570132,1.8794650496471605,12.630878836530787,10.751413786883626,11.22991741689497,3.9205910491959086,1.676847830163904,-3.0856280974728554,-0.8710727196779969,-4.072225173632235,1
178528,8.08,37603,303832.24,6.391537920999999,0.033149909400000004,0.35380487340000005,65790.8237071744,52.307008306167994,0.02984492,2.089391872533004,12.6242309859622,10.534839113429197,11.094235650250555,3.957130364123388,1.8549749156444024,-3.5117406378811156,-1.0390097229024777,-3.4067152953856743,1
177613,6.86,43994,301798.84,3.8908159304999996,0.10251397200000001,0.29938139616,34927.870017216,49.877546582328,0.0469861,1.925707441737794,12.617515981703463,10.691808539965669,10.461040357333419,3.9095709332013433,1.3586188864069455,-3.057903465694012,-1.2060369460013454,-2.2777561774982154,1
178351,6.86,43699,299775.14,5.5023926555,0.043465165800000004,0.28846209348,47543.1967729408,51.791941403424,0.01856022,1.925707441737794,12.610787939264455,10.685080497526661,10.769393982509976,3.947234565800487,1.7051830259137875,-3.986734698246058,-1.2431915934170683,-3.135795447894943,1
177571,7.09,41995,297744.55,5.4470890115,0.0777944748,0.25662163758,29734.331290291197,52.330791550752,0.02325442,1.958685340544036,12.603991183103764,10.645305842559727,10.300057592911562,3.957584946406771,1.695081339648595,-3.761260057490036,-1.3601525061935633,-2.553684868314547,1
178380,7.3,40510,295723.0,5.1032266669999995,0.0668386308,0.32125154457,37666.8878683648,50.76664103386399,0.01641108,1.9878743481543455,12.597178484351081,10.609304136196736,10.536536681620579,3.9272394663188406,1.6298730194767115,-4.109798562517416,-1.1355308347842659,-2.705474060204436,1
178310,7.25,40510,293697.5,7.105506773,0.009984984599999998,0.41585095398,98173.62889152,53.8294523004,0.01818782,1.9810014688665833,12.59030560506332,10.609304136196736,11.494492913385049,3.9858207579047193,1.9608700852545884,-4.007003139703489,-0.8774283666217372,-4.606672854429018,1
177285,7.37,39575,291667.75,4.731167317499999,0.061962382200000006,0.31842168236999996,47093.5338540288,51.064296149216,0.06085702,1.9974177062012453,12.583370590950459,10.585952884749213,10.7598909851029,3.9330855475064204,1.55417196222529,-2.7992281005494606,-1.144378729434737,-2.781227816787141,1
177632,7.34,39460,289636.4,4.987939745499999,0.050309076,0.3161875332,39453.5381099904,52.567451462536006,0.0247058,1.9933388426264242,12.57638162220303,10.583042779576607,10.582879008183793,3.962097134724049,1.6070229478530873,-3.700717245099828,-1.1514197819289995,-2.9895697807775634,1
177376,7.68,37450,287616.0,6.624557199,0.0478115826,0.35110388709,38039.5901715968,51.31614853339199,0.067375,2.038619547159581,12.569381536104947,10.530761988945365,10.546382742983962,3.9380054888678995,1.8907835317517423,-2.697481249752976,-1.0466731246927323,-3.0404873550304443,1
177391,8.17,34955,285582.35,5.830378955499999,0.0206325084,0.41433598634999996,61275.448328319995,50.65843713976,0.02673146,2.1004689088719113,12.562285707817997,10.461816798946085,11.023134525029196,3.9251057941126604,1.7630819991933273,-3.6219141300461,-0.8810780730626904,-3.880887369372836,1
178377,7.24,39166,283561.84,5.0626561115,0.0733293198,0.30277542834,41971.065964672,52.76842524174399,0.030866079999999997,1.979621206397625,12.555185508874407,10.575564302476781,10.644735754257953,3.9659130050496896,1.6218912687967182,-3.4780974326582204,-1.1947639088621271,-2.6127947527956263,1
177626,7.2,39102,281534.4,4.765791697,0.06970630800000001,0.26623145307,47970.4224222976,47.892489685808,0.02347296,1.9740810260220096,12.548009921582445,10.573928895560435,10.778339900425602,3.868958700595776,1.5614636716786103,-3.751906158622384,-1.3233892242158467,-2.6634644631586513,1
177423,7.11,39312,279508.32,5.7080528625,0.016093516199999998,0.45031218672000006,77884.677856064,49.761979426703995,0.05664008000000001,1.9615022438151495,12.54078733857611,10.57928509476096,11.262984522603523,3.9072512271153044,1.7418779606964432,-2.8710384171682914,-0.7978141884831942,-4.1293388086022915,1
178355,7.7,36036,277477.2,5.1609310445,0.04979421120000001,0.26984989151999994,50408.433102835195,51.361366349424,0.03573864,2.0412203288596382,12.533494046630969,10.492273717771331,10.827913763531402,3.938886262404478,1.6411169981976583,-3.331522822577,-1.309889431918678,-2.9998565426718895,1
178264,7.77,35451,275454.27,5.9944597554999985,0.0094212276,0.4532646161999999,95608.89773056,50.985726453648,0.01536444,2.050270164379556,12.52617690468668,10.475906740307126,11.468021167203915,3.931545720094558,1.7908356685722617,-4.175699530533126,-0.791279182321613,-4.664789880413242,1
177342,8.19,33385,273423.15,4.9448404875,0.0272439312,0.28913170737,50125.0334742528,51.358535504327996,0.050171099999999996,2.102913897864978,12.518775874156947,10.41586197629197,10.822275832424165,3.9388311446513327,1.5983447072237595,-2.9923161152728763,-1.240872959840998,-3.602924490932931,1
177595,7.56,35899,271396.44,5.7729909945,0.062157951,0.29844051204,29889.4477312128,53.369737837408,0.03213126,2.0228711901914416,12.511335909126647,10.488464718935205,10.305260778399786,3.9772438781623065,1.7531903161434035,-3.4379258909370103,-1.2091846556585422,-2.7780765367865103,1
177278,7.77,34668,269370.36,5.6471781845,0.0037776707999999997,0.49326120360000003,138663.693347456,49.00830319544799,0.02237928,2.050270164379556,12.503842514633792,10.453572350254236,11.839806808139556,3.8919897367234206,1.731155984026782,-3.7996197481976437,-0.7067164205005708,-5.578647649750206,1
177350,7.89,33884,267344.76,4.65384687,0.004755514799999999,0.48926965593,87992.0748596224,47.340193700216,0.02867088,2.065596134857783,12.496294340409225,10.430698205551442,11.38500203099146,3.8573596957592584,1.5376941614595447,-3.5518733054525766,-0.7148414978767929,-5.348450323860787,1
178348,7.79,34059,265319.61,6.1637978025,0.0051426612,0.5149249703400001,154046.411121664,50.456487300304,0.01602594,2.052840859882657,12.4886904537153,10.435849593832643,11.945009206912568,3.921111327240509,1.8186931139509888,-4.133546619549403,-0.6637340775922187,-5.270184590307164,1
178462,7.61,34598,263290.78,4.706882132,0.046481515200000004,0.34985658477,40974.0546389376,50.13729577157599,0.03043488,2.0294631718735947,12.481014327780517,10.451551155906923,10.620694331690906,3.9147651577211535,1.549025721102712,-3.492165959873002,-1.0502319662723452,-3.068700568002518,1
177334,6.45,40506,261263.7,3.735802523,0.007802796000000001,0.46539336953999993,87394.1895432448,47.945408734359994,0.026700099999999997,1.864080130807681,12.473285521077607,10.609205390269926,11.378184078235082,3.8700630456367793,1.3179626611001907,-3.623087968264595,-0.7648722750138853,-4.853273147980118,1
178259,8.2,31614,259234.8,4.815732914,0.0368876682,0.33150573950999995,48105.1986022528,51.157287743295996,0.0235494,2.1041341542702074,12.465489493707548,10.36135533943734,10.781145529302648,3.9349049601234265,1.5718882484121866,-3.748654936551279,-1.1041101557504451,-3.2998779789132415,1
177638,6.97,36902,257206.94,5.7713414215,0.0627356772,0.18618240201,41825.499111257595,51.250292856216,0.058682399999999996,1.9416152247724325,12.45763625387426,10.516021029101827,10.641261459107376,3.9367213322698205,1.752904535562633,-2.835615426748229,-1.6810284298301275,-2.7688249788164776,1
177610,7.19,35491,255180.29,5.278637982499999,0.050249208000000004,0.26583040572,43424.61980587519,50.597105767703994,0.19388516,1.9726911717329554,12.449725593927788,10.477034422194833,10.678781835881,3.923894376390817,1.66366810658147,-1.6404892539584586,-1.3248967460174075,-2.9907604933611904,1
178260,7.76,32623,253154.48,5.73229247,0.054924898800000004,0.28938585423,40072.7722100224,50.78994210648799,0.05694191999999999,2.048982334195127,12.441755174259043,10.392772840063916,10.598452385415323,3.927698344952059,1.7461155327396078,-2.8657234779957896,-1.239994345626949,-2.9017885032256774,1
177417,6.37,39423,251124.51,6.932610136,0.016782995999999998,0.35515040979,69086.5128561024,52.767676298008,0.032967199999999995,1.851599469584072,12.433704150895819,10.582104681311748,11.14311480772538,3.965898811920986,1.9362363852910847,-3.4122421511949095,-1.035213889688498,-4.087389047992535,1
177424,6.49,38382,249099.18,6.005600947,0.0441506544,0.33098302610999997,38198.6459469568,53.45954078776,0.0542038,1.8702625307159986,12.425606409394192,10.555343878678192,10.550555347551684,3.978925120845223,1.7926925249628027,-2.9150042622930696,-1.105688185554412,-3.12014752984496,1
177458,6.93,35653,247075.29,3.2895474484999996,0.0433374474,0.15657339159,69179.0738585728,45.258463578855995,0.037497739999999995,1.9358598132018119,12.417448386976368,10.481588573774557,11.144453694985716,3.812389693072764,1.1907500016684933,-3.283474614488547,-1.8542304230807114,-3.138738181701181,1
177429,6.78,36142,245042.76,5.2686230935,0.010407054,0.40185214839,57602.495164812804,49.51841319019199,0.04919208,1.9139771019523042,12.409188004910414,10.495210902958108,10.961321164579305,3.902344584046125,1.6617690558349987,-3.0120226440515947,-0.9116710480891005,-4.565271433524656,1
177408,6.58,36933,243019.14,7.1227659344999985,0.0187297038,0.40345183164,64931.5816613632,50.867991777343995,0.09866934000000001,1.884034745337226,12.40089548465295,10.516860739315725,11.081089404690879,3.929233880511558,1.9632961239340458,-2.3159810190986434,-0.9076981747549353,-3.977644576853001,1
177636,6.34,38011,240989.74,5.590488794,0.059128630200000004,0.22920171483000001,48660.694180684804,49.40488107061599,0.029037399999999998,1.8468787684491346,12.392509638952445,10.54563087050331,10.792626882176668,3.9000492264102666,1.7210667241314048,-3.5391706247141825,-1.4731528123632582,-2.828040035323364,1
177616,8.39,28482,238963.98,4.511670681499999,0.0758886768,0.24878994887999997,46551.743639039996,48.563462160224,0.04692926,2.127040520479115,12.384068108258488,10.257027587779373,10.748319739340761,3.8828714407547404,1.5066675242758525,-3.0591139174654822,-1.3911463173254328,-2.5784877914806077,1
178290,8.43,28107,236942.01,6.7611237875,0.0027000468,0.45868010726999997,148524.83712486402,52.29426184255999,0.01315552,2.131796772013764,12.375570706633063,10.243773934619298,11.908507476605694,3.9568866488481724,1.9111891169928477,-4.330913836574806,-0.7794022459453127,-5.914486172788741,1
178263,7.64,30748,234914.72,5.5470152705,0.091054239,0.29469860508,40421.2677137536,48.502030748752,0.12669244,2.033397603178429,12.366977833647452,10.333580230469023,10.607111353992595,3.8816056681751556,1.7132599939988196,-2.0659928619435672,-1.2218021226056455,-2.3962999170553534,1
177411,6.8,34248,232886.4,6.538318363999999,0.03831552,0.387889392,41338.7166907136,50.8595884664,0.076832,1.916922612182061,12.358306060006843,10.441383447824782,10.629554789955508,3.9290686684630067,1.8776800015184427,-2.566134058943294,-0.9470350521646056,-3.261900242943656,1
178392,8.64,26720,230860.8,5.166261041,0.0356354292,0.33649855371,41310.185309248,52.742576318408,0.03818178,2.1564025828159643,12.349570210466545,10.193167627650581,10.628864366201325,3.9654230291519936,1.6421492239816133,-3.265396840503594,-1.0891614279452242,-3.334414933762404,1
177370,6.73,34001,228826.73,6.41729475,0.019956,0.43859890041,73877.0050183296,49.312892574463994,0.03216458,1.9065751436566365,12.340720358587124,10.434145214930487,11.210156895028145,3.89818555952678,1.858996650392327,-3.4368894318758074,-0.8241699500466355,-3.9142254289833462,1
178515,8.5,26683,226805.5,5.274452695,0.0211543578,0.40815444977999993,62131.775141452796,49.12759884714399,0.03405206,2.1400661634962708,12.331848100982613,10.191781937486343,11.037012814055553,3.8944209715309692,1.6628749194768897,-3.379864748950837,-0.8961096228288769,-3.85590935216051,1
178357,7.83,28707,224775.81,5.575011557,0.0455425854,0.16080016029,43277.276872755196,51.647976572496,0.05286316,2.057962510002712,12.322858784450084,10.264896274447372,10.675382992704366,3.9444510190479383,1.7182943903485182,-2.9400485910403775,-1.8275929254094097,-3.0891074478895053,1
177710,7.17,31067,222750.39,4.1661859355,0.0103761222,0.43577714927999994,68378.2371361408,48.660529233936,0.0394891,1.969905654611529,12.313807096173274,10.343901441561744,11.132809882459405,3.884868213456034,1.427000973503883,-3.231730594523182,-0.8306242918068582,-4.568248054859241,1
177282,6.78,32555,220722.9,4.530579416,0.040360012199999996,0.27745717394999997,59855.847909619195,51.29058620946399,0.026426680000000004,1.9139771019523042,12.304663347623267,10.390686245670963,10.999694415646768,3.937507230648867,1.5108498377173822,-3.6333811730877734,-1.2820886858135638,-3.20991578121729,1
178419,6.39,34225,218697.75,5.104444125499999,0.0690517512,0.31184450583,44592.5580288384,51.171650158911994,0.04069156,1.8547342683894434,12.295445918546093,10.440711650156649,10.705322263745474,3.9351856708589183,1.6301115574410563,-3.201734579045299,-1.165250594154622,-2.672899038116061,1
177414,7.71,28102,216666.42,7.0619771535,0.014991945000000001,0.37062272642999994,73798.4467664768,51.813395802504,0.02126894,2.0425181875752383,12.286114214741524,10.243596027166285,11.209092963842378,3.947648722058557,1.954725062369271,-3.8505074864608075,-0.9925706436705481,-4.200242222116065,1
178403,8.3,25860,214638.0,5.1865414979999995,0.0629521998,0.2672417319,51733.910420019194,53.252086977912,0.034006,2.1162555148025524,12.276708167128401,10.160452652325848,10.853868753027074,3.9750369958950103,1.646067097014586,-3.381218299346843,-1.319601667254347,-2.765379573907751,1
178926,6.44,33015,212616.6,7.666152986000001,0.0201346062,0.32937342932999997,38256.694635903994,53.325792594848,0.054932919999999996,1.8625285401162623,12.267245822744934,10.404717282628672,10.552073847100804,3.976420127722772,2.0368149231902306,-2.9016424744750275,-1.1105631283354516,-3.90531524285359,1
177507,7.92,26589,210584.88,3.9896237754999997,0.07338220320000001,0.23750474681999997,81983.21894822399,50.76096221980801,0.04004084,2.0693912058263346,12.257644081232842,10.188252875406508,11.314269858330462,3.9271275989275125,1.383696934601379,-3.2178553457341947,-1.4375676690966446,-2.6120738359758833,1
178418,7.94,26267,208559.98,4.644975813499999,0.0712718562,0.31543049999999995,50995.2689740928,50.9872288474,0.04550042000000001,2.0719132752590443,12.247981952711713,10.176068677452669,10.839488142189637,3.9315751866084523,1.5357861652554745,-3.0900337222986045,-1.153816906528721,-2.6412537531884586,1
178441,8.67,23822,206536.74,5.608519275499999,0.0361043952,0.25495346085,48736.566432102394,54.281322231168,0.0290129,2.1598687907924505,12.238233593233296,10.078364802440847,10.79418487808513,3.9941801941240715,1.7242867409341789,-3.540014720315917,-1.3666742569506318,-3.321340670361795,1
177635,7.09,28844,204503.96,5.2669787795,0.044412078,0.23533638744000002,56143.25131317761,52.910639833519994,0.031988180000000005,1.958685340544036,12.228342618580687,10.26965727803665,10.935661762616842,3.968604449708543,1.6614569115392723,-3.4423888194181593,-1.4467393524508472,-3.114243819509574,1
178907,8.28,24454,202479.12,6.9934804315,0.026547466800000002,0.35387787303,52905.82818359039,51.57208270599199,0.05844034000000001,2.1138429683971682,12.218392049101304,10.104549080704135,10.876268785380567,3.9429804932468318,1.9449783481350729,-2.83974887418364,-1.038803416812278,-3.628820948275623,1
177680,6.76,29653,200454.28,6.340874467999999,0.020989720800000004,0.3704082336899999,55859.1827482496,51.714975042279995,0.025372199999999998,1.9110228900548727,12.208341469800798,10.297318579745925,10.930589209034993,3.945747392228471,1.8470166876444696,-3.6741011925362104,-0.9931495472725124,-3.863722446810239,1
177357,7.09,27987,198427.83,8.8500424125,0.0120943338,0.33864438234,28677.29678496,51.893181292415996,0.16036328,1.958685340544036,12.198180736173107,10.23949539562907,10.263861035911503,3.9491873998915006,2.1804222513812364,-1.8303135374384623,-1.0828047418539115,-4.415018217048962,1
177463,8.1,24247,196400.7,2.9396030705,0.029190639,0.15340106199,71635.49203139839,42.34477863636,0.03648932,2.0918640616783932,12.187912239050938,10.096048177372545,11.179345928893238,3.7458451227382192,1.0782745622019017,-3.3107356639499512,-1.8746994670612112,-3.5339072032971375,1
177503,6.65,29229,194372.85,3.575262783,0.0814534074,0.12874701410999997,47390.357692927995,62.440628026984,0.05333356,1.8946168546677629,12.177533500761214,10.282916646093451,10.766174062789828,4.134216153684157,1.2740386791788225,-2.931189502425451,-2.0499059310858567,-2.5077241105549675,1
177611,7.5,25646,192345.0,5.830932026999999,0.050168386200000005,0.23663596109999996,47019.6861053568,51.686909930439995,0.02189908,2.0149030205422647,12.167045913561326,10.152142893019061,10.7583216463031,3.94520455662085,1.763176854994917,-3.8213106521745104,-1.441232347863071,-2.992370207636779,1
177628,7.87,24183,190320.21,5.776498747499999,0.05701728539999999,0.24461995766999997,44818.351114700796,49.420565628784,0.15400014,2.063058062429312,12.156463248381023,10.09340518595171,10.71037295762644,3.9003666458366095,1.7537977461141143,-1.870801767478012,-1.4080494659668399,-2.8644008044877936,1
177388,7.64,24645,188287.8,6.170484620999999,0.0217859652,0.40142136044999993,38724.5248861184,51.06704047373601,0.0599123,2.033397603178429,12.145726922317907,10.112329319139478,10.564228396290979,3.933139288593366,1.8197773795653973,-2.814873452703503,-0.9127436291628159,-3.826489314679259,1
177422,8.54,21811,186265.94,4.096268407,0.0092176764,0.39823370993999996,63953.6360132992,48.60862860466399,0.03319456,2.1447610078004784,12.134930716472331,9.990169708671852,11.065913662518115,3.883801058453344,1.4100764146430065,-3.4053692719071473,-0.9207162351340363,-4.686632290528924,1
177623,7.46,24697,184239.62,5.865758878,0.0178177146,0.25749402821999995,50228.842669631995,54.60076430906399,0.030625,2.0095554142156695,12.123992471965302,10.114437057749631,10.824344695858146,4.000047880987389,1.769131864698492,-3.485938610117246,-1.3567587505259113,-4.0275621143223495,1
178350,6.97,26142,182209.74,6.345891554,0.0371520852,0.23968842711,42351.0856223488,55.176156782168,0.02085146,1.9416152247724325,12.11291372011793,10.171298495345496,10.65374933428172,4.010530917617051,1.8478076041401055,-3.8703313092080758,-1.4284154194332577,-3.292735380187632,1
177283,7.36,24481,180180.16,4.121220609,0.0373706034,0.3679181352,56335.90027424,51.005453144975995,0.014681379999999999,1.9960599327407849,12.101712518205925,10.10565258546514,10.9390872711973,3.9319325514196124,1.4161493838042156,-4.221175254764412,-0.9998948242564643,-3.286870888973409,1
177569,8.74,20384,178156.16,3.8058532794999995,0.0307960992,0.23365198857,56747.0515493888,49.424510426296,0.030246719999999998,2.167910189667444,12.090415748039334,9.92250555837189,10.946358978917088,3.900446463621603,1.3365402183410897,-3.4983675301362833,-1.453922498979559,-3.4803672463739637,1
177517,6.73,26171,176130.83,5.581681722,0.027336726600000003,0.23045172083999999,54722.6207107968,50.27902278385599,0.0536991,1.9065751436566365,12.078982350143558,10.172407206486922,10.910032444256261,3.9175879480490066,1.7194901148571915,-2.924359037384301,-1.4677138925403974,-3.599524184188771,1
178261,7.04,24730,174099.2,6.557001838,0.0369555186,0.36716741061,34540.6625125632,49.37107585931199,0.00907382,1.951608170169951,12.067380530685414,10.115772360515463,10.449892532540549,3.8993647437957812,1.8805334615925609,-4.702361934833746,-1.0019373752365017,-3.298040289560029,1
177377,6.93,24830,172071.9,8.239121036,0.0286448424,0.36652933976999996,31385.316128473594,53.950563982936,0.00937762,1.9358598132018119,12.055667691704024,10.119807878502213,10.354095423298437,3.988068145457399,2.1088936678433403,-4.6694292795025305,-1.0036767069168757,-3.5527818729695118,1
177612,6.44,26405,170048.2,5.4424049955000005,0.023570031600000003,0.26256344697,48010.278975065594,50.639449478352,0.0385826,1.8625285401162623,12.043837205257296,10.181308665141033,10.77917041227806,3.924730906496259,1.6942210579337844,-3.25495388134401,-1.3372625234130036,-3.7477792213476815,1
177420,7.05,23833,168022.65,7.935576815,0.004774473,0.36652933976999996,31838.8444724608,53.147312362887995,0.028133839999999997,1.9530276168241774,12.031854070726375,10.078826453902199,10.36844234760569,3.973067536489421,2.0713560438379757,-3.570782156731831,-1.0036767069168757,-5.344471677632419,1
178437,6.67,24887,165996.29,5.454668106999999,0.0723045792,0.32653275237,42235.5097457024,48.163676714952,0.028406280000000003,1.8976198599275322,12.019720717691339,10.122100857763806,10.651016609360752,3.874605141835533,1.6964717754542507,-3.561145031499332,-1.1192250217591986,-2.6268678157234793,1
177592,7.68,21350,163968.0,4.9394324825,0.0241886676,0.30587205462,39619.470347379196,52.326551141272,0.053454100000000004,2.038619547159581,12.00742656581635,9.96880701865677,10.587075951848677,3.957503912255258,1.5972504425153586,-2.9289319372499363,-1.1845883866240619,-3.721871036489017,1
177438,7.19,22523,161940.37,6.267411496999999,0.0030023802,0.47502120963,110037.53283123199,51.75601373424,0.030963099999999997,1.9726911717329554,11.994983460034334,10.022292288301378,11.608576794133148,3.9465406328188464,1.8353634300092456,-3.474959106074238,-0.7443958240917286,-5.808349904889429,1
178320,8.55,18703,159910.65,7.211488770499999,0.010347186000000001,0.42858533388000003,64598.718151692796,51.34329706788,0.03629626,2.145931282948669,11.982370500731669,9.836439217783001,11.075949846720768,3.9385343936357344,1.9756754168745772,-3.316040573322349,-0.8472654151935546,-4.571040680295901,1
177741,8.23,19184,157884.32,8.432418210500002,0.0186508776,0.39586707996000003,29458.0345676544,54.869525157056,0.03663534,2.1077860146889784,11.969617891956274,9.861831877267296,10.290721972504377,4.004958097070544,2.1320835885885154,-3.306741930670816,-0.9266767807396308,-3.9818620776991573,1
177627,6.85,22753,155858.05,4.4029338445,0.0959424612,0.29463281529,44243.1673974784,50.736132617007996,0.05653815999999999,1.9242486522741338,11.956700936091261,10.032452283817127,10.69745622941723,3.926638331656656,1.4822711015642138,-2.872839470578393,-1.2220253918493997,-2.344006629703807,1
178879,6.36,24187,153829.32,8.081620121499999,0.009978,0.31133440965,29207.9950562432,54.93659572731999,0.10690918,1.8500283773520307,11.943598955075878,10.093570577723847,10.282197754075092,4.006179715283898,2.0895923625201767,-2.235775589988949,-1.1668876723074657,-4.607372609543291,1
178369,8.63,17590,151801.7,6.630804014499999,0.0475142382,0.25749402821999995,41533.58500988159,53.367595551895995,0.015555539999999998,2.155244505095337,11.93033034282694,9.775085837731604,10.634257656276988,3.9772037369025566,1.8917260660006159,-4.163338433709552,-1.3567587505259113,-3.046725861279123,1
178922,6.75,22189,149775.75,7.768333602999999,0.0424593834,0.32597669346,66247.51278755839,55.061709887752,0.04170194,1.9095425048844386,11.916894454450855,10.007351949566416,11.101153200314412,4.008454554222312,2.0500556758701745,-3.177207628477758,-1.1209293926251245,-3.1592073447154383,1
178383,7.73,19114,147751.22,4.2038649175,0.0923892954,0.27537623388,61616.983149465595,46.363948694735996,0.03629626,2.0451088625993306,11.903285192425455,9.858176329826126,11.028692812001555,3.8365221894504398,1.436004320600272,-3.316040573322349,-1.289616993143386,-2.381744157695054,1
177413,7.0,20818,145726.0,7.898347477500001,0.016093516199999998,0.39247124532000005,30768.831477337597,54.1644266242,0.0098,1.9459101490553132,11.889483425130727,9.943573276075414,10.334257491557853,3.9920243576164025,2.066653557528484,-4.62537289330561,-0.9352920047745531,-4.1293388086022915,1
178527,6.65,21608,143693.2,6.500389579499999,0.0198841584,0.33469609371,61303.70935440639,52.341704859656,0.02663052,1.8946168546677629,11.875435750140214,9.980818895472451,11.023595631584689,3.9577934693582204,1.871862110413235,-3.6256973524975247,-1.0945323418517858,-3.9178319245774578,1
177353,6.54,21662,141669.48,8.035496061999998,0.0089891802,0.31664806173000004,38075.0139403648,54.780467545415995,0.0098,1.8779371654691073,11.861252017864789,9.983314852395683,10.547313543892377,4.003333698764117,2.0838687349315763,-4.62537289330561,-1.1499643372132307,-4.711733624868034,1
178460,6.59,21190,139642.1,4.984822035,0.014254570800000001,0.16737102822000002,57679.461899840004,46.532118558056,0.02799958,1.8855533485144158,11.84683799977676,9.961284651262345,10.962656442855675,3.8401427958335055,1.6063977026762368,-3.5755657689194345,-1.7875422050805871,-4.250677665804556,1
177361,7.13,19301,137616.13,6.605112923000001,0.0169117122,0.35896441515,40021.5602073472,53.370513818824,0.033220040000000006,1.9643112344262046,11.832223421448413,9.867912187022208,10.597173593068637,3.977258417783564,1.8878440344216334,-3.404601970703794,-1.0245320175516295,-4.0797488675014195,1
177374,7.94,17077,135591.38,8.3221685345,0.009978,0.31589463345,28802.8469542656,55.933797638568,0.0098,2.0719132752590443,11.817401083146283,9.745487807887239,10.26822951381711,4.024168806377646,2.1189228620379748,-4.62537289330561,-1.1523465594475522,-4.607372609543291,1
178494,8.41,15881,133559.21,7.559499589499999,0.026537488799999998,0.37870856198999997,55882.1393669888,52.053549883799995,0.01563786,2.1294214739848565,11.802300179095504,9.672878705110646,10.93100009765932,3.952272994153234,2.022804996135584,-4.158060381871366,-0.9709883354311007,-3.6291968739971288,1
178297,6.13,21457,131531.41,8.797453288999998,0.0317769366,0.38460170496,49396.1571029376,52.03866113468,0.06866272,1.81319474994812,11.7870009613932,9.973806211445082,10.807627908711593,3.95198692569382,2.174462280622923,-2.678548876240614,-0.9555470127639608,-3.4490145164782278,1
177634,6.75,19186,129505.5,11.394499999999999,0.009978,0.36049200000000003,23460.7433616384,54.526419701624,0.196,1.9095425048844386,11.771478630262331,9.861936125377893,10.063083808049813,3.9986853493759367,2.433130782840689,-1.6296406197516198,-1.0202855139041982,-4.607372609543291,1
177615,6.9,18475,127477.5,5.9188581245,0.0586945872,0.10602700581,64581.787031449596,55.122304933656,0.0098,1.9315214116032138,11.755695157419616,9.824173745816402,11.075687715522006,4.009554442479442,1.7781435459163308,-4.62537289330561,-2.2440614455264387,-2.835407767643416,1
177522,8.66,14486,125448.76,2.7501195475,0.009978,0.13865063058000002,74587.137089984,47.579628579224,0.0098,2.1587147225743437,11.739652667329615,9.580937944755272,11.219723346257704,3.862404698606932,1.0116443825517898,-4.62537289330561,-1.9757979589321344,-4.607372609543291,1
